{
  "reason": "unexpected error summarizing bundle with runtime",
  "err": {
    "message": "connect ECONNREFUSED ::1:7878",
    "name": "Error",
    "stack": "Error: connect ECONNREFUSED ::1:7878\n    at TCPConnectWrap.afterConnect [as oncomplete] (node:net:1555:16)",
    "config": {
      "transitional": {
        "silentJSONParsing": true,
        "forcedJSONParsing": true,
        "clarifyTimeoutError": false
      },
      "transformRequest": [
        null
      ],
      "transformResponse": [
        null
      ],
      "timeout": 0,
      "xsrfCookieName": "XSRF-TOKEN",
      "xsrfHeaderName": "X-XSRF-TOKEN",
      "maxContentLength": -1,
      "maxBodyLength": -1,
      "env": {},
      "headers": {
        "Accept": "application/json, text/plain, */*",
        "User-Agent": "axios/0.27.2"
      },
      "method": "get",
      "url": "http://localhost:7878/list_snapshots"
    },
    "code": "ECONNREFUSED",
    "status": null
  }
}