{
  "id": "152",
  "data": {
    "id": "152",
    "name": "Story // State-Sync",
    "runtime": "@kyvejs/tendermint-ssync",
    "logo": "ar://42mAkcczq8hxm66b7dtMwf73Ccf1Z5MJJuFx9PLTEDc",
    "config": "{\"api\":\"http://localhost:7878\",\"interval\":1000}",
    "start_key": "1000/0",
    "current_key": "4000/0",
    "current_summary": "4000/3/0/1",
    "current_index": "4",
    "total_bundles": "4",
    "upload_interval": "60",
    "inflation_share_weight": "1.000000000000000000",
    "min_delegation": "1000000",
    "max_bundle_size": "1",
    "disabled": false,
    "protocol": {
      "version": "1.2.5",
      "binaries": "{\"kyve-linux-arm64\":\"https://github.com/KYVENetwork/kyvejs/releases/download/%40kyvejs%2Ftendermint-ssync%401.2.5/kyve-linux-arm64.zip\",\"kyve-linux-x64\":\"https://github.com/KYVENetwork/kyvejs/releases/download/%40kyvejs%2Ftendermint-ssync%401.2.5/kyve-linux-x64.zip\",\"kyve-macos-x64\":\"https://github.com/KYVENetwork/kyvejs/releases/download/%40kyvejs%2Ftendermint-ssync%401.2.5/kyve-macos-x64.zip\"}",
      "last_upgrade": "1734682022"
    },
    "upgrade_plan": {
      "version": "",
      "binaries": "",
      "scheduled_at": "0",
      "duration": "0"
    },
    "current_storage_provider_id": 3,
    "current_compression_id": 1,
    "end_key": ""
  },
  "bundle_proposal": {
    "pool_id": "152",
    "storage_id": "f993aa38-a306-4d77-afae-5f23f4a0cdd0",
    "uploader": "kyve1tg9rc2rwzu3ytvkdjh4mpe4k46n2eykpdv46nw",
    "next_uploader": "kyve1zxlk3x50re5rhz985gcx8pm73whqnutg8ptnkz",
    "data_size": "380912",
    "bundle_size": "1",
    "to_key": "5000/0",
    "bundle_summary": "5000/3/0/1",
    "data_hash": "778bf094773b9168b5329e6d0dbbaf2825200c468a4c3f452f003b4fd5500969",
    "updated_at": "1734683104",
    "voters_valid": [
      "kyve1tg9rc2rwzu3ytvkdjh4mpe4k46n2eykpdv46nw"
    ],
    "voters_invalid": [],
    "voters_abstain": [],
    "from_key": "5000/0",
    "storage_provider_id": 3,
    "compression_id": 1
  },
  "stakers": [
    "kyve1tg9rc2rwzu3ytvkdjh4mpe4k46n2eykpdv46nw",
    "kyve1zuzyh0c0zvxry42dpqc79gu3ssukpfzg47uzrc",
    "kyve1zxlk3x50re5rhz985gcx8pm73whqnutg8ptnkz"
  ],
  "total_self_delegation": "451317199182",
  "total_delegation": "687766983085",
  "status": "POOL_STATUS_NO_FUNDS",
  "account": "kyve1jz9rh2s5wvf08r23m763vxz6262nw5824fgr4e",
  "account_balance": "1320936",
  "fundings": []
}